Order_id,Stock_Count,Work_Order_Count,Work_Order_Pending_status,Work_Order_Closed_or_Not
000.03.03,1,3,-2,"Order Closed"
000.03.04,1,2,-1,"Order Closed"
000.03.05,1,26,-25,"Order Closed"
000.03.11,1,9,-8,"Order Closed"
000.04.03,1,2,-1,"Order Closed"
000.04.10,1,2,-1,"Order Closed"
000.04.13,1,2,-1,"Order Closed"
000.05.02,1,1,0,"Order Pending"
000.05.04,1,1,0,"Order Pending"
000.14.02,1,4,-3,"Order Closed"
2012753250,1,6,-5,"Order Closed"
25400150013,1,3,-2,"Order Closed"
4200000000,1,6,-5,"Order Closed"
4200023440,1,5,-4,"Order Closed"
1461101,1,18,-17,"Order Closed"
4200024330,1,2,-1,"Order Closed"
4200024430,1,3,-2,"Order Closed"
4200024520,1,5,-4,"Order Closed"
4200024740,1,5,-4,"Order Closed"
004C2000101,1,1,0,"Order Pending"
0075A0480000,1,6,-5,"Order Closed"
8740000000,1,6,-5,"Order Closed"
8790000010,1,5,-4,"Order Closed"
11102500000,1,6,-5,"Order Closed"
1150177,1,9,-8,"Order Closed"
1190115,1,50,-49,"Order Closed"
1190116,1,120,-119,"Order Closed"
012.381-011,1,0,1,"Order Pending"
012.381-021,1,0,1,"Order Pending"
1430470,1,24,-23,"Order Closed"
1430852,1,5,-4,"Order Closed"
1920345,1,2,-1,"Order Closed"
01450649_001,1,1,0,"Order Pending"
01460133-IN,1,18,-17,"Order Closed"
1980502,1,2,-1,"Order Closed"
150305510,1,3,-2,"Order Closed"
16050020000,1,6,-5,"Order Closed"
1800023,1,11,-10,"Order Closed"
1800149,1,17,-16,"Order Closed"
18740000008,1,6,-5,"Order Closed"
1900328,1,2,-1,"Order Closed"
1900329,1,1,0,"Order Pending"
01900329-PART-A,1,75,-74,"Order Closed"
01900329-PART-B,1,67,-66,"Order Closed"
1910171,1,36,-35,"Order Closed"
2010138,1,18,-17,"Order Closed"
2010330,1,1,0,"Order Pending"
2010518,1,110,-109,"Order Closed"
2011133,1,27,-26,"Order Closed"
2020163,1,101,-100,"Order Closed"
2020211,1,171,-170,"Order Closed"
2020441,1,36,-35,"Order Closed"
2020443,1,150,-149,"Order Closed"
2023213,1,186,-185,"Order Closed"
2020445,1,16,-15,"Order Closed"
2020604,1,140,-139,"Order Closed"
2020605,1,140,-139,"Order Closed"
2020606,1,122,-121,"Order Closed"
2020607,1,122,-121,"Order Closed"
2020608,1,58,-57,"Order Closed"
2020609,1,58,-57,"Order Closed"
2020610,1,103,-102,"Order Closed"
2020611,1,103,-102,"Order Closed"
2021138,1,37,-36,"Order Closed"
2021213,1,8,-7,"Order Closed"
2030475,1,127,-126,"Order Closed"
2030635,1,35,-34,"Order Closed"
2032218,1,2,-1,"Order Closed"
2033218,1,21,-20,"Order Closed"
2050337,1,2,-1,"Order Closed"
2050353,1,11,-10,"Order Closed"
2050393,1,24,-23,"Order Closed"
2050424,1,2,-1,"Order Closed"
2050441,1,3,-2,"Order Closed"
2050446,1,50,-49,"Order Closed"
2050578,1,2,-1,"Order Closed"
2051582,1,2,-1,"Order Closed"
2051618,1,2,-1,"Order Closed"
2051583,1,2,-1,"Order Closed"
2051592,1,2,-1,"Order Closed"
2051596,1,2,-1,"Order Closed"
2051615,1,2,-1,"Order Closed"
2051616,1,2,-1,"Order Closed"
2051617,1,2,-1,"Order Closed"
2051619,1,2,-1,"Order Closed"
2052581,1,2,-1,"Order Closed"
2052588,1,2,-1,"Order Closed"
2110230,1,8,-7,"Order Closed"
2251105,1,183,-182,"Order Closed"
02110539-DGN,1,38,-37,"Order Closed"
2110626,1,0,1,"Order Pending"
2110627,1,74,-73,"Order Closed"
2210155,1,46,-45,"Order Closed"
2210201,1,2,-1,"Order Closed"
2211163,1,7,-6,"Order Closed"
2220220,1,99,-98,"Order Closed"
2220223,1,0,1,"Order Pending"
2220225,1,114,-113,"Order Closed"
2250105,1,8,-7,"Order Closed"
2280104,1,81,-80,"Order Closed"
2280264,1,4,-3,"Order Closed"
2280265,1,4,-3,"Order Closed"
23601920001,1,2,-1,"Order Closed"
23605470000,1,4,-3,"Order Closed"
24500140522,1,2,-1,"Order Closed"
24500150000,1,2,-1,"Order Closed"
24503620007,1,2,-1,"Order Closed"
24505850001,1,4,-3,"Order Closed"
24505890000,1,4,-3,"Order Closed"
24800340000,1,5,-4,"Order Closed"
24803070000,1,5,-4,"Order Closed"
24804370000,1,5,-4,"Order Closed"
24805550000,1,2,-1,"Order Closed"
24805600000,1,5,-4,"Order Closed"
24805610000,1,5,-4,"Order Closed"
24805910000,1,0,1,"Order Pending"
24805910010,1,3,-2,"Order Closed"
24805930010,1,6,-5,"Order Closed"
24806140000,1,2,-1,"Order Closed"
24806800000,1,6,-5,"Order Closed"
24807230000,1,3,-2,"Order Closed"
24807250000,1,4,-3,"Order Closed"
25400070003,1,4,-3,"Order Closed"
25400080001,1,4,-3,"Order Closed"
25400140511,1,3,-2,"Order Closed"
25400160510,1,3,-2,"Order Closed"
25400170515,1,3,-2,"Order Closed"
25400180003,1,4,-3,"Order Closed"
25400190000,1,3,-2,"Order Closed"
25400210010,1,3,-2,"Order Closed"
25400380000,1,5,-4,"Order Closed"
25400430002,1,4,-3,"Order Closed"
25400770000,1,3,-2,"Order Closed"
25401558000,1,3,-2,"Order Closed"
25401560000,1,3,-2,"Order Closed"
25401920000,1,4,-3,"Order Closed"
25402070010,1,5,-4,"Order Closed"
25402070020,1,5,-4,"Order Closed"
25402070025,1,5,-4,"Order Closed"
25402070050,1,5,-4,"Order Closed"
25402070100,1,5,-4,"Order Closed"
25402890020,1,3,-2,"Order Closed"
25402890040,1,3,-2,"Order Closed"
25402890140,1,3,-2,"Order Closed"
25402930001,1,5,-4,"Order Closed"
25402950000,1,5,-4,"Order Closed"
25402980000,1,5,-4,"Order Closed"
25402990000,1,5,-4,"Order Closed"
25403620007,1,3,-2,"Order Closed"
25404520020,1,6,-5,"Order Closed"
25404670014,1,3,-2,"Order Closed"
25404967000,1,6,-5,"Order Closed"
25406290000,1,6,-5,"Order Closed"
26000180000,1,1,0,"Order Pending"
26000190000,1,1,0,"Order Pending"
26000430000,1,1,0,"Order Pending"
26001440000,1,6,-5,"Order Closed"
26001660000,1,1,0,"Order Pending"
2650113,1,9,-8,"Order Closed"
26603620000,1,1,0,"Order Pending"
26604370020,1,1,0,"Order Pending"
310830005,1,6,-5,"Order Closed"
311000170,1,6,-5,"Order Closed"
31260636006,1,6,-5,"Order Closed"
31321436020,1,6,-5,"Order Closed"
31262670000,1,6,-5,"Order Closed"
31320030020,1,6,-5,"Order Closed"
31321446020,1,6,-5,"Order Closed"
31321450010,1,6,-5,"Order Closed"
31321470010,1,6,-5,"Order Closed"
31321710000,1,6,-5,"Order Closed"
31321870000,1,6,-5,"Order Closed"
31321880000,1,6,-5,"Order Closed"
31322710000,1,6,-5,"Order Closed"
31322990010,1,6,-5,"Order Closed"
31323030010,1,6,-5,"Order Closed"
31700001450,1,6,-5,"Order Closed"
31700001880,1,6,-5,"Order Closed"
31700004562,1,6,-5,"Order Closed"
317031003,1,6,-5,"Order Closed"
317232028,1,6,-5,"Order Closed"
3210117,1,1,0,"Order Pending"
3210128,1,37,-36,"Order Closed"
3210165,1,3,-2,"Order Closed"
3210166,1,13,-12,"Order Closed"
3210171,1,6,-5,"Order Closed"
3210231,1,1,0,"Order Pending"
3210237,1,84,-83,"Order Closed"
3510147,1,18,-17,"Order Closed"
3220103,1,21,-20,"Order Closed"
3220115,1,80,-79,"Order Closed"
3260195,1,78,-77,"Order Closed"
3260253,1,23,-22,"Order Closed"
3260316,1,54,-53,"Order Closed"
3510164,1,43,-42,"Order Closed"
3510224,1,6,-5,"Order Closed"
3630177,1,0,1,"Order Pending"
3850170,1,6,-5,"Order Closed"
3850190,1,2,-1,"Order Closed"
420030075,1,5,-4,"Order Closed"
420030078,1,5,-4,"Order Closed"
4428158,1,0,1,"Order Pending"
4430013,1,0,1,"Order Pending"
4430035,1,0,1,"Order Pending"
4430037,1,0,1,"Order Pending"
4430038,1,0,1,"Order Pending"
4431731,1,6,-5,"Order Closed"
4431749,1,0,1,"Order Pending"
4431759,1,0,1,"Order Pending"
4431894,1,0,1,"Order Pending"
450050029,1,2,-1,"Order Closed"
450060044,1,6,-5,"Order Closed"
4524012544,1,2,-1,"Order Closed"
4524012553,1,1,0,"Order Pending"
4525954204,1,2,-1,"Order Closed"
480000147,1,6,-5,"Order Closed"
48000015501,1,3,-2,"Order Closed"
480030001,1,2,-1,"Order Closed"
48003000101,1,2,-1,"Order Closed"
480030003,1,2,-1,"Order Closed"
480030004,1,2,-1,"Order Closed"
480030012,1,2,-1,"Order Closed"
480030013,1,2,-1,"Order Closed"
048003002401E,1,1,0,"Order Pending"
0480030024E,1,1,0,"Order Pending"
480030030,1,2,-1,"Order Closed"
480030037,1,2,-1,"Order Closed"
480030038,1,2,-1,"Order Closed"
480030039,1,2,-1,"Order Closed"
480030054,1,2,-1,"Order Closed"
0480030067E,1,2,-1,"Order Closed"
480030074,1,3,-2,"Order Closed"
480030075,1,2,-1,"Order Closed"
480030076,1,2,-1,"Order Closed"
480030077,1,2,-1,"Order Closed"
480030079,1,2,-1,"Order Closed"
480030080,1,2,-1,"Order Closed"
480030097,1,2,-1,"Order Closed"
480030102,1,2,-1,"Order Closed"
480030189,1,4,-3,"Order Closed"
480030217,1,2,-1,"Order Closed"
480030246,1,2,-1,"Order Closed"
480030248,1,0,1,"Order Pending"
480030254,1,2,-1,"Order Closed"
480030256,1,0,1,"Order Pending"
480030257,1,3,-2,"Order Closed"
480030262,1,3,-2,"Order Closed"
480030266,1,3,-2,"Order Closed"
480030270,1,3,-2,"Order Closed"
480030276,1,3,-2,"Order Closed"
480030278,1,3,-2,"Order Closed"
480030282,1,2,-1,"Order Closed"
480030284,1,2,-1,"Order Closed"
480030293,1,3,-2,"Order Closed"
480030301,1,2,-1,"Order Closed"
480030307,1,3,-2,"Order Closed"
480030321,1,2,-1,"Order Closed"
480030325,1,1,0,"Order Pending"
480030326,1,4,-3,"Order Closed"
480030345,1,2,-1,"Order Closed"
480030355,1,2,-1,"Order Closed"
480030374,1,1,0,"Order Pending"
480030377,1,2,-1,"Order Closed"
04C1300101,1,2,-1,"Order Closed"
5010125,1,4,-3,"Order Closed"
5050221,1,34,-33,"Order Closed"
5060150,1,163,-162,"Order Closed"
5121159,1,177,-176,"Order Closed"
5110105,1,25,-24,"Order Closed"
5110107,1,25,-24,"Order Closed"
5120115,1,18,-17,"Order Closed"
5120159,1,4,-3,"Order Closed"
540030136,1,3,-2,"Order Closed"
5130213,1,12,-11,"Order Closed"
5190136,1,5,-4,"Order Closed"
540030007,1,3,-2,"Order Closed"
540030008,1,3,-2,"Order Closed"
0540030015E,1,3,-2,"Order Closed"
0540030020E,1,3,-2,"Order Closed"
540030026,1,3,-2,"Order Closed"
540030031,1,3,-2,"Order Closed"
540030064,1,3,-2,"Order Closed"
540030073,1,3,-2,"Order Closed"
540030086,1,6,-5,"Order Closed"
540030108,1,5,-4,"Order Closed"
540030137,1,3,-2,"Order Closed"
540030147,1,3,-2,"Order Closed"
540030148,1,3,-2,"Order Closed"
540030241,1,4,-3,"Order Closed"
540030247,1,3,-2,"Order Closed"
540030248,1,6,-5,"Order Closed"
540030252,1,6,-5,"Order Closed"
540030253,1,5,-4,"Order Closed"
540030268,1,1,0,"Order Pending"
540030269,1,6,-5,"Order Closed"
540030299,1,3,-2,"Order Closed"
540030312,1,6,-5,"Order Closed"
540030314,1,5,-4,"Order Closed"
540030321,1,3,-2,"Order Closed"
540030323,1,3,-2,"Order Closed"
540030350,1,3,-2,"Order Closed"
540030356,1,6,-5,"Order Closed"
540030362,1,3,-2,"Order Closed"
540030371,1,4,-3,"Order Closed"
540030373,1,5,-4,"Order Closed"
540030374,1,5,-4,"Order Closed"
540030375,1,5,-4,"Order Closed"
540030376,1,3,-2,"Order Closed"
540030377,1,5,-4,"Order Closed"
540050026,1,3,-2,"Order Closed"
540050051,1,4,-3,"Order Closed"
540050056,1,3,-2,"Order Closed"
540050094,1,3,-2,"Order Closed"
540050095,1,3,-2,"Order Closed"
5420143,1,18,-17,"Order Closed"
5422143,1,23,-22,"Order Closed"
5660315,1,11,-10,"Order Closed"
5690195,1,88,-87,"Order Closed"
5751215,1,12,-11,"Order Closed"
5750215,1,11,-10,"Order Closed"
5790218,1,49,-48,"Order Closed"
5790225,1,20,-19,"Order Closed"
5790260,1,7,-6,"Order Closed"
5790265,1,43,-42,"Order Closed"
5790360,1,27,-26,"Order Closed"
5790365,1,28,-27,"Order Closed"
0600030001E,1,1,0,"Order Pending"
0600030003E,1,1,0,"Order Pending"
600030018,1,1,0,"Order Pending"
600030023,1,1,0,"Order Pending"
600030032,1,1,0,"Order Pending"
600030035,1,6,-5,"Order Closed"
600030036,1,1,0,"Order Pending"
600030037,1,1,0,"Order Pending"
600030038,1,1,0,"Order Pending"
600030039,1,1,0,"Order Pending"
600030048,1,1,0,"Order Pending"
600030085,1,1,0,"Order Pending"
600030115,1,1,0,"Order Pending"
6010102,1,2,-1,"Order Closed"
6010103,1,10,-9,"Order Closed"
6530102,1,6,-5,"Order Closed"
6550188,1,1,0,"Order Pending"
6550325,1,2,-1,"Order Closed"
6551184,1,24,-23,"Order Closed"
6560165,1,49,-48,"Order Closed"
06562305-IN,1,12,-11,"Order Closed"
6590199,1,35,-34,"Order Closed"
6620145,1,0,1,"Order Pending"
06620255_01,1,143,-142,"Order Closed"
6630134,1,20,-19,"Order Closed"
6620425,1,11,-10,"Order Closed"
6620611,1,48,-47,"Order Closed"
6620612,1,32,-31,"Order Closed"
6620613,1,52,-51,"Order Closed"
6630240,1,38,-37,"Order Closed"
6620614,1,134,-133,"Order Closed"
6620615,1,18,-17,"Order Closed"
6620616,1,97,-96,"Order Closed"
6620617,1,32,-31,"Order Closed"
6620618,1,79,-78,"Order Closed"
6620619,1,104,-103,"Order Closed"
6620621,1,9,-8,"Order Closed"
6620622,1,13,-12,"Order Closed"
6620623,1,4,-3,"Order Closed"
6620624,1,20,-19,"Order Closed"
6630115,1,9,-8,"Order Closed"
6630118,1,12,-11,"Order Closed"
6630120,1,0,1,"Order Pending"
6630132,1,20,-19,"Order Closed"
6630133,1,20,-19,"Order Closed"
6630149,1,20,-19,"Order Closed"
6630151,1,20,-19,"Order Closed"
6630161,1,9,-8,"Order Closed"
6630171,1,0,1,"Order Pending"
6630181,1,66,-65,"Order Closed"
6630182,1,57,-56,"Order Closed"
6630769,1,9,-8,"Order Closed"
6630185,1,9,-8,"Order Closed"
6630190,1,47,-46,"Order Closed"
6630191,1,130,-129,"Order Closed"
6630193,1,0,1,"Order Pending"
6630197,1,0,1,"Order Pending"
6630200,1,9,-8,"Order Closed"
6630206,1,77,-76,"Order Closed"
7027004,1,14,-13,"Order Closed"
6630210,1,21,-20,"Order Closed"
6630215,1,73,-72,"Order Closed"
10.29.0045,1,5,-4,"Order Closed"
1175.03.08,1,11,-10,"Order Closed"
6630222,1,2,-1,"Order Closed"
6630225,1,68,-67,"Order Closed"
6630226,1,41,-40,"Order Closed"
1175.03.30,1,11,-10,"Order Closed"
6630241,1,38,-37,"Order Closed"
6630260,1,20,-19,"Order Closed"
6630261,1,2,-1,"Order Closed"
6630262,1,11,-10,"Order Closed"
6630265,1,21,-20,"Order Closed"
6630266,1,2,-1,"Order Closed"
6630270,1,12,-11,"Order Closed"
6630272,1,9,-8,"Order Closed"
6630275,1,21,-20,"Order Closed"
6630276,1,21,-20,"Order Closed"
6630279,1,12,-11,"Order Closed"
6630278,1,18,-17,"Order Closed"
6630280,1,10,-9,"Order Closed"
6630285,1,11,-10,"Order Closed"
6630292,1,9,-8,"Order Closed"
6630294,1,9,-8,"Order Closed"
6630295,1,9,-8,"Order Closed"
6630296,1,9,-8,"Order Closed"
6630328,1,2,-1,"Order Closed"
6630306,1,32,-31,"Order Closed"
6630310,1,21,-20,"Order Closed"
6630380,1,22,-21,"Order Closed"
6630315,1,21,-20,"Order Closed"
6630320,1,27,-26,"Order Closed"
6630321,1,12,-11,"Order Closed"
6630322,1,2,-1,"Order Closed"
6630325,1,21,-20,"Order Closed"
6630326,1,2,-1,"Order Closed"
6630330,1,0,1,"Order Pending"
6630350,1,21,-20,"Order Closed"
6630355,1,2,-1,"Order Closed"
6630361,1,0,1,"Order Pending"
6630366,1,21,-20,"Order Closed"
6630396,1,10,-9,"Order Closed"
6630400,1,18,-17,"Order Closed"
6630403,1,2,-1,"Order Closed"
6630406,1,99,-98,"Order Closed"
6630409,1,2,-1,"Order Closed"
6630410,1,18,-17,"Order Closed"
6630430,1,18,-17,"Order Closed"
6630435,1,9,-8,"Order Closed"
6630440,1,18,-17,"Order Closed"
6630450,1,18,-17,"Order Closed"
6630451,1,18,-17,"Order Closed"
6630455,1,9,-8,"Order Closed"
6630456,1,18,-17,"Order Closed"
6630457,1,41,-40,"Order Closed"
6630458,1,9,-8,"Order Closed"
6630460,1,18,-17,"Order Closed"
6630461,1,18,-17,"Order Closed"
6630465,1,74,-73,"Order Closed"
6630470,1,9,-8,"Order Closed"
6630474,1,3,-2,"Order Closed"
6630478,1,62,-61,"Order Closed"
6630486,1,23,-22,"Order Closed"
6630480,1,41,-40,"Order Closed"
6630481,1,114,-113,"Order Closed"
6630484,1,41,-40,"Order Closed"
6630485,1,41,-40,"Order Closed"
6630489,1,3,-2,"Order Closed"
6630490,1,0,1,"Order Pending"
6630492,1,43,-42,"Order Closed"
6630498,1,0,1,"Order Pending"
6630499,1,3,-2,"Order Closed"
6630516,1,2,-1,"Order Closed"
6630526,1,23,-22,"Order Closed"
6630593,1,12,-11,"Order Closed"
6630757,1,0,1,"Order Pending"
6630594,1,12,-11,"Order Closed"
6630718,1,19,-18,"Order Closed"
6630719,1,19,-18,"Order Closed"
6630750,1,9,-8,"Order Closed"
6630755,1,9,-8,"Order Closed"
6630770,1,9,-8,"Order Closed"
6630773,1,9,-8,"Order Closed"
6630775,1,20,-19,"Order Closed"
6630776,1,20,-19,"Order Closed"
6630796,1,9,-8,"Order Closed"
6630837,1,9,-8,"Order Closed"
6630995,1,2,-1,"Order Closed"
6630996,1,11,-10,"Order Closed"
6631460,1,19,-18,"Order Closed"
6631929,1,0,1,"Order Pending"
0664011_CA,1,9,-8,"Order Closed"
6640415,1,17,-16,"Order Closed"
6640603,1,9,-8,"Order Closed"
6640604,1,17,-16,"Order Closed"
6640605,1,17,-16,"Order Closed"
6640608,1,17,-16,"Order Closed"
6650208,1,10,-9,"Order Closed"
6640609,1,17,-16,"Order Closed"
6640615,1,8,-7,"Order Closed"
06640616_CA,1,8,-7,"Order Closed"
6640621,1,9,-8,"Order Closed"
6640625,1,9,-8,"Order Closed"
6640626,1,9,-8,"Order Closed"
6640627,1,17,-16,"Order Closed"
6640628,1,9,-8,"Order Closed"
6640629,1,9,-8,"Order Closed"
6640630,1,9,-8,"Order Closed"
6640631,1,8,-7,"Order Closed"
6640632,1,8,-7,"Order Closed"
6650100,0,1,-1,"Order Closed"
6650104,1,2,-1,"Order Closed"
6650106,1,3,-2,"Order Closed"
6650154,1,0,1,"Order Pending"
6650180,1,2,-1,"Order Closed"
6650182,1,2,-1,"Order Closed"
6650185,1,2,-1,"Order Closed"
6650186,1,2,-1,"Order Closed"
6650187,1,2,-1,"Order Closed"
6650210,1,19,-18,"Order Closed"
6650215,1,2,-1,"Order Closed"
6650253,1,2,-1,"Order Closed"
6650254,1,2,-1,"Order Closed"
6650326,1,11,-10,"Order Closed"
6650348,1,9,-8,"Order Closed"
6650350,1,2,-1,"Order Closed"
6650407,1,2,-1,"Order Closed"
6650496,1,2,-1,"Order Closed"
6650515,1,2,-1,"Order Closed"
6650540,1,2,-1,"Order Closed"
6650543,1,2,-1,"Order Closed"
06650547-1,1,2,-1,"Order Closed"
06650558-01,1,2,-1,"Order Closed"
6650581,1,2,-1,"Order Closed"
6650590,1,2,-1,"Order Closed"
6650600,1,3,-2,"Order Closed"
6650612,1,2,-1,"Order Closed"
6650670,1,2,-1,"Order Closed"
6650671,1,2,-1,"Order Closed"
06660101-IN,1,2,-1,"Order Closed"
06660102-IN,1,18,-17,"Order Closed"
06660103-IN,1,21,-20,"Order Closed"
6670177,1,12,-11,"Order Closed"
06660104-IN,1,19,-18,"Order Closed"
06660155R000,1,9,-8,"Order Closed"
06660162R000,1,2,-1,"Order Closed"
06660164-IN,1,20,-19,"Order Closed"
06660164R000,1,0,1,"Order Pending"
6660203,1,20,-19,"Order Closed"
6660235,1,9,-8,"Order Closed"
6663105,1,38,-37,"Order Closed"
6670135,1,17,-16,"Order Closed"
6670140,1,2,-1,"Order Closed"
6670145,1,2,-1,"Order Closed"
6670190,1,2,-1,"Order Closed"
6670191,1,2,-1,"Order Closed"
6670202,1,4,-3,"Order Closed"
6670203,1,3,-2,"Order Closed"
6670215,1,3,-2,"Order Closed"
6670216,1,3,-2,"Order Closed"
6670378,1,9,-8,"Order Closed"
6670379,1,11,-10,"Order Closed"
6670380,1,2,-1,"Order Closed"
6670410,1,9,-8,"Order Closed"
6670411,1,9,-8,"Order Closed"
6671160,1,12,-11,"Order Closed"
6690573,1,4,-3,"Order Closed"
6690676,1,4,-3,"Order Closed"
6690680,1,3,-2,"Order Closed"
6690681,1,3,-2,"Order Closed"
6690847,1,11,-10,"Order Closed"
6690856,1,9,-8,"Order Closed"
6690857,1,9,-8,"Order Closed"
6690859,1,9,-8,"Order Closed"
6690924,1,20,-19,"Order Closed"
6690926,1,19,-18,"Order Closed"
6690941,1,19,-18,"Order Closed"
6690974,1,4,-3,"Order Closed"
6690980,1,30,-29,"Order Closed"
6690981,1,95,-94,"Order Closed"
6690982,1,6,-5,"Order Closed"
6690985,1,39,-38,"Order Closed"
6690986,1,49,-48,"Order Closed"
6690987,1,52,-51,"Order Closed"
6691201,1,10,-9,"Order Closed"
6691203,1,1,0,"Order Pending"
6691204,1,1,0,"Order Pending"
6691211,1,1,0,"Order Pending"
6691212,1,1,0,"Order Pending"
6720176,1,0,1,"Order Pending"
6740135,1,21,-20,"Order Closed"
6760105,1,41,-40,"Order Closed"
6760110,1,82,-81,"Order Closed"
6761100,1,50,-49,"Order Closed"
6920151,1,13,-12,"Order Closed"
6930139,1,124,-123,"Order Closed"
6930140,1,20,-19,"Order Closed"
6930290,1,36,-35,"Order Closed"
6930420,1,64,-63,"Order Closed"
6930421,1,64,-63,"Order Closed"
6930450,1,10,-9,"Order Closed"
6930470,1,59,-58,"Order Closed"
6930471,1,59,-58,"Order Closed"
6930524,1,18,-17,"Order Closed"
06960300-IN,1,2,-1,"Order Closed"
06960310-IN,1,48,-47,"Order Closed"
7030028,1,6,-5,"Order Closed"
6970404,1,41,-40,"Order Closed"
1175.03.32,1,11,-10,"Order Closed"
6990190,1,7,-6,"Order Closed"
6990605,1,7,-6,"Order Closed"
6990615,1,13,-12,"Order Closed"
7024002,1,6,-5,"Order Closed"
7024008,1,2,-1,"Order Closed"
7031049,1,2,-1,"Order Closed"
7032019,1,6,-5,"Order Closed"
7033028,1,6,-5,"Order Closed"
7051008,1,6,-5,"Order Closed"
7052008,1,5,-4,"Order Closed"
705200801,1,6,-5,"Order Closed"
7054008,1,2,-1,"Order Closed"
7107009,1,6,-5,"Order Closed"
7127067,1,1,0,"Order Pending"
7137001,1,1,0,"Order Pending"
7137004,1,1,0,"Order Pending"
7137006,1,1,0,"Order Pending"
714003,1,1,0,"Order Pending"
7141019,1,2,-1,"Order Closed"
7193101,1,6,-5,"Order Closed"
7193150,1,6,-5,"Order Closed"
7220148,1,6,-5,"Order Closed"
7242034,1,6,-5,"Order Closed"
7250155,1,2,-1,"Order Closed"
7250161,1,2,-1,"Order Closed"
7250164,1,2,-1,"Order Closed"
7250170,1,27,-26,"Order Closed"
7250171,1,2,-1,"Order Closed"
7251123,1,2,-1,"Order Closed"
7260250,1,32,-31,"Order Closed"
7290361,1,27,-26,"Order Closed"
7290362,1,27,-26,"Order Closed"
770103504,1,6,-5,"Order Closed"
7304019,1,6,-5,"Order Closed"
7348020,1,2,-1,"Order Closed"
7372033,1,2,-1,"Order Closed"
7383008,1,1,0,"Order Pending"
7386001,1,1,0,"Order Pending"
7402016,1,5,-4,"Order Closed"
7415009,1,1,0,"Order Pending"
7415052,1,0,1,"Order Pending"
7443224,1,0,1,"Order Pending"
7467008,1,1,0,"Order Pending"
770101504,1,6,-5,"Order Closed"
7.71E+13,1,1,0,"Order Pending"
77120750,1,1,0,"Order Pending"
8010100,1,11,-10,"Order Closed"
8010101,1,34,-33,"Order Closed"
08047A06,1,2,-1,"Order Closed"
9130174,1,44,-43,"Order Closed"
9130180,1,30,-29,"Order Closed"
9150125,1,65,-64,"Order Closed"
9230195,1,2,-1,"Order Closed"
9420255,1,36,-35,"Order Closed"
9421255,1,2,-1,"Order Closed"
945004301,1,2,-1,"Order Closed"
9480195,1,6,-5,"Order Closed"
9499104,1,5,-4,"Order Closed"
9499108,1,4,-3,"Order Closed"
9560153,1,2,-1,"Order Closed"
9560200,1,28,-27,"Order Closed"
9591141,1,0,1,"Order Pending"
9830330,1,1,0,"Order Pending"
9890155,1,7,-6,"Order Closed"
9900405,1,181,-180,"Order Closed"
10.01.1102,1,2,-1,"Order Closed"
10.01.1175,1,8,-7,"Order Closed"
10.01.1550A,1,4,-3,"Order Closed"
10.01.1551,1,4,-3,"Order Closed"
10.01.1553,1,4,-3,"Order Closed"
10.01.3005F,1,0,1,"Order Pending"
10.01.3005M,1,0,1,"Order Pending"
10.02.2247,1,5,-4,"Order Closed"
10.06.2216,1,2,-1,"Order Closed"
10.16.0001,1,18,-17,"Order Closed"
10.16.0003,1,10,-9,"Order Closed"
10.16.0048,1,90,-89,"Order Closed"
10.16.0050,1,67,-66,"Order Closed"
10.16.0056,1,29,-28,"Order Closed"
10.16.5711,1,1,0,"Order Pending"
10.16.0059,1,24,-23,"Order Closed"
10.16.5059,1,2,-1,"Order Closed"
10.16.5060,1,103,-102,"Order Closed"
10.16.5753,1,1,0,"Order Pending"
10.16.7481,1,0,1,"Order Pending"
10.16.5061,1,4,-3,"Order Closed"
10.16.5062,1,1,0,"Order Pending"
10.16.5063,1,15,-14,"Order Closed"
10.16.5064,1,3,-2,"Order Closed"
10.16.5065,1,12,-11,"Order Closed"
10.16.5066,1,19,-18,"Order Closed"
10.16.5067,1,21,-20,"Order Closed"
10.16.5070,1,4,-3,"Order Closed"
10.16.5071,1,8,-7,"Order Closed"
10.16.5149,1,2,-1,"Order Closed"
10.16.5152,1,1,0,"Order Pending"
10.16.5458,1,10,-9,"Order Closed"
10.16.5460,1,2,-1,"Order Closed"
10.16.5700,1,13,-12,"Order Closed"
10.16.5701,1,2,-1,"Order Closed"
10.16.5702,1,64,-63,"Order Closed"
10.16.5710,1,2,-1,"Order Closed"
10.16.5714,1,13,-12,"Order Closed"
10.16.5718,1,8,-7,"Order Closed"
10.16.5726,1,1,0,"Order Pending"
10.16.5727,1,11,-10,"Order Closed"
10.16.5728,1,8,-7,"Order Closed"
10.16.5731,1,2,-1,"Order Closed"
10.16.5732,1,2,-1,"Order Closed"
10.16.5935,1,4,-3,"Order Closed"
10.16.5938,1,3,-2,"Order Closed"
10.16.6115,1,28,-27,"Order Closed"
10.16.6718,1,10,-9,"Order Closed"
10.16.7520,1,1,0,"Order Pending"
10.16.7538,1,1,0,"Order Pending"
10.16.7539,1,3,-2,"Order Closed"
10.17.0045,1,18,-17,"Order Closed"
10.18.6076,1,2,-1,"Order Closed"
10.18.6080,1,5,-4,"Order Closed"
10.18.6109,1,1,0,"Order Pending"
10.21.3405,1,81,-80,"Order Closed"
10.21.3411,1,34,-33,"Order Closed"
10.21.3414,1,1,0,"Order Pending"
10.21.3417,1,1,0,"Order Pending"
10.21.3420,1,4,-3,"Order Closed"
10.21.3695,1,7,-6,"Order Closed"
10.21.3703,1,1,0,"Order Pending"
10.21.3706,1,19,-18,"Order Closed"
10.21.3716,1,8,-7,"Order Closed"
10.21.3725,1,7,-6,"Order Closed"
10.21.3733,1,2,-1,"Order Closed"
10.21.5102,1,19,-18,"Order Closed"
10.21.6005,1,7,-6,"Order Closed"
10.22.5010,1,113,-112,"Order Closed"
10.24.3686,1,1,0,"Order Pending"
10.22.5011,1,13,-12,"Order Closed"
10.22.5020,1,22,-21,"Order Closed"
1175.03.33,1,11,-10,"Order Closed"
10.22.5030,1,14,-13,"Order Closed"
1175.03.49.02,1,8,-7,"Order Closed"
10.22.5051,1,10,-9,"Order Closed"
10.22.6750,1,30,-29,"Order Closed"
12.10.0031,1,80,-79,"Order Closed"
10.23.5004,1,43,-42,"Order Closed"
12.10.0046,1,21,-20,"Order Closed"
10.23.5008,1,20,-19,"Order Closed"
10.23.5018,1,20,-19,"Order Closed"
10.23.5020,1,10,-9,"Order Closed"
10.23.5024,1,19,-18,"Order Closed"
10.23.5025,1,11,-10,"Order Closed"
10.23.6555,1,94,-93,"Order Closed"
10.42.0050,1,1,0,"Order Pending"
10.23.6653,1,1,0,"Order Pending"
10.23.6654,1,8,-7,"Order Closed"
12.10.0050,1,3,-2,"Order Closed"
10.24.3029,1,3,-2,"Order Closed"
10.24.3079,1,2,-1,"Order Closed"
10.24.3108,1,9,-8,"Order Closed"
10.24.3115,1,1,0,"Order Pending"
10.24.3124,1,2,-1,"Order Closed"
10.24.3139,1,1,0,"Order Pending"
10.24.3158,1,1,0,"Order Pending"
10.24.3159,1,17,-16,"Order Closed"
10.24.3165,1,17,-16,"Order Closed"
10.24.3170,1,0,1,"Order Pending"
10.24.3174,1,1,0,"Order Pending"
10.24.3692,1,0,1,"Order Pending"
10.24.3707,1,10,-9,"Order Closed"
10.24.3713,1,1,0,"Order Pending"
10.24.4102,1,19,-18,"Order Closed"
10.28.0163-IN,1,7,-6,"Order Closed"
10.24.4530,1,2,-1,"Order Closed"
10.24.4547,1,1,0,"Order Pending"
10.24.4566,1,2,-1,"Order Closed"
10.24.5007,1,3,-2,"Order Closed"
10.24.5021,1,2,-1,"Order Closed"
10.24.5033,1,0,1,"Order Pending"
10.24.5043,1,1,0,"Order Pending"
10.24.6147,1,1,0,"Order Pending"
10.24.6160,1,2,-1,"Order Closed"
10.24.9909,1,1,0,"Order Pending"
10.25.3111,1,2,-1,"Order Closed"
10.25.3112,1,1,0,"Order Pending"
10.25.3250,1,2,-1,"Order Closed"
10.25.4044,1,0,1,"Order Pending"
12.86.3033,1,7,-6,"Order Closed"
12.86.3036,1,1,0,"Order Pending"
10.25.4046,1,1,0,"Order Pending"
10.25.4210,1,68,-67,"Order Closed"
10.25.4215,1,20,-19,"Order Closed"
10.25.4216,1,44,-43,"Order Closed"
12.86.3037A,1,1,0,"Order Pending"
10.25.4217,1,60,-59,"Order Closed"
10.25.4235,1,3,-2,"Order Closed"
10.25.4250,1,2,-1,"Order Closed"
10.25.4251,1,2,-1,"Order Closed"
10.25.4252,1,1,0,"Order Pending"
10.25.5235,1,2,-1,"Order Closed"
10.25.8064,1,1,0,"Order Pending"
10.25.8071,1,9,-8,"Order Closed"
10.25.8079,1,1,0,"Order Pending"
10.26.0057,1,11,-10,"Order Closed"
10.27.1025,1,6,-5,"Order Closed"
10.27.1050,1,1,0,"Order Pending"
10.27.4218,1,4,-3,"Order Closed"
10.27.6010,1,4,-3,"Order Closed"
10.28.0106-IN,1,21,-20,"Order Closed"
10.28.0107-IN,1,14,-13,"Order Closed"
10.28.0158-IN,1,28,-27,"Order Closed"
10.28.0161-IN,1,29,-28,"Order Closed"
10.28.0186_IN,1,0,1,"Order Pending"
10.28.0590,1,2,-1,"Order Closed"
10.28.0590-IN,1,1,0,"Order Pending"
10.28.0705,1,2,-1,"Order Closed"
10.28.0705-IN,1,7,-6,"Order Closed"
10.28.0706-IN,1,2,-1,"Order Closed"
10.28.0708-IN,1,2,-1,"Order Closed"
10.28.0711-IN,1,7,-6,"Order Closed"
10.28.0712-IN,1,7,-6,"Order Closed"
10.28.0720-IN,1,14,-13,"Order Closed"
10.28.1671,1,0,1,"Order Pending"
10.28.0770_IN,1,10,-9,"Order Closed"
10.28.0788_IN,1,7,-6,"Order Closed"
10.28.0794_IN,1,5,-4,"Order Closed"
10.28.0805,1,1,0,"Order Pending"
10.28.0806,1,1,0,"Order Pending"
10.28.0807,1,1,0,"Order Pending"
10.28.0856_IN,1,5,-4,"Order Closed"
10.28.1004_IN,1,6,-5,"Order Closed"
10.28.1540-IN,1,2,-1,"Order Closed"
10.28.1551_IN,1,3,-2,"Order Closed"
10.28.1567,1,1,0,"Order Pending"
10.28.1570,1,1,0,"Order Pending"
10.28.1574,1,1,0,"Order Pending"
10.28.1575,1,1,0,"Order Pending"
10.28.1601_IN,1,7,-6,"Order Closed"
10.28.1602_IN,1,7,-6,"Order Closed"
10.28.1612,1,2,-1,"Order Closed"
10.28.1613-IN,1,9,-8,"Order Closed"
10.28.1618-IN,1,2,-1,"Order Closed"
10.28.1624_IN,1,7,-6,"Order Closed"
10.28.1631_IN,1,3,-2,"Order Closed"
10.28.1632_IN,1,3,-2,"Order Closed"
10.28.1651,1,76,-75,"Order Closed"
10.28.1658,1,4,-3,"Order Closed"
10.28.1662,1,2,-1,"Order Closed"
10.28.1664,1,4,-3,"Order Closed"
10.28.1665,1,2,-1,"Order Closed"
10.28.1669,1,1,0,"Order Pending"
10.29.117502,1,11,-10,"Order Closed"
10.29.117515,1,1,0,"Order Pending"
10.29.154001,1,1,0,"Order Pending"
10.29.154002,1,1,0,"Order Pending"
10.29.154003,1,2,-1,"Order Closed"
10.29.154004,1,1,0,"Order Pending"
10.29.154005,1,1,0,"Order Pending"
10.29.154008,1,1,0,"Order Pending"
10.29.154028,1,8,-7,"Order Closed"
10.29.68402,1,2,-1,"Order Closed"
10.29.68403,1,2,-1,"Order Closed"
10.29.68404,1,2,-1,"Order Closed"
10.29.68405,1,2,-1,"Order Closed"
10.29.68410,1,2,-1,"Order Closed"
10.29.68413,1,2,-1,"Order Closed"
10.29.68413-IN,1,2,-1,"Order Closed"
10.29.68415,1,2,-1,"Order Closed"
10.29.68417,1,2,-1,"Order Closed"
10.29.68421,1,2,-1,"Order Closed"
10.29.68423,1,2,-1,"Order Closed"
10.29.68425-IN,1,2,-1,"Order Closed"
10.29.68426,1,4,-3,"Order Closed"
10.29.68427,1,2,-1,"Order Closed"
10.29.68429,1,2,-1,"Order Closed"
10.29.68430,1,2,-1,"Order Closed"
10.29.69430,1,2,-1,"Order Closed"
10.29.69450,1,2,-1,"Order Closed"
10.29.883132,1,0,1,"Order Pending"
10.29.883134,1,5,-4,"Order Closed"
10.29.883135,1,5,-4,"Order Closed"
10.29.883136,1,0,1,"Order Pending"
10.29.883137,1,5,-4,"Order Closed"
10.29.883138,1,5,-4,"Order Closed"
10.29.883139,1,0,1,"Order Pending"
10.29.883142,1,5,-4,"Order Closed"
10.29.883145,1,2,-1,"Order Closed"
10.29.883149,1,5,-4,"Order Closed"
10.29.883150,1,5,-4,"Order Closed"
10.29.883151,1,5,-4,"Order Closed"
10.29.883153,1,5,-4,"Order Closed"
10.29.883155,1,5,-4,"Order Closed"
10.29.883158,1,5,-4,"Order Closed"
10.29.883159,1,5,-4,"Order Closed"
10.29.883163,1,0,1,"Order Pending"
10.29.883164,1,5,-4,"Order Closed"
10.29.88323,1,5,-4,"Order Closed"
10.29.88374,1,5,-4,"Order Closed"
10.32.0041,1,1,0,"Order Pending"
10.32.0042,1,1,0,"Order Pending"
10.32.0043,1,1,0,"Order Pending"
10.32.0129,1,19,-18,"Order Closed"
10.32.0161,1,1,0,"Order Pending"
10.32.0162,1,1,0,"Order Pending"
10.32.0163,1,1,0,"Order Pending"
10.32.0190,1,2,-1,"Order Closed"
10.35.0047,1,1,0,"Order Pending"
10.35.0145,1,0,1,"Order Pending"
10.35.1024,1,27,-26,"Order Closed"
10.35.1025,1,26,-25,"Order Closed"
10.35.1029,1,2,-1,"Order Closed"
10.35.1030,1,1,0,"Order Pending"
10.36.0032,1,38,-37,"Order Closed"
10.38.1145,1,5,-4,"Order Closed"
10.42.0040,1,0,1,"Order Pending"
10.42.0055,1,2,-1,"Order Closed"
10.42.0073,1,2,-1,"Order Closed"
10.42.0075,1,15,-14,"Order Closed"
1160.48.01,1,2,-1,"Order Closed"
10.42.0080,1,18,-17,"Order Closed"
10.42.0082,1,4,-3,"Order Closed"
10.42.0097,1,8,-7,"Order Closed"
10.42.0098,1,8,-7,"Order Closed"
10.42.0106,1,2,-1,"Order Closed"
10.42.0118,1,17,-16,"Order Closed"
10.42.0120,1,11,-10,"Order Closed"
10.42.0150,1,0,1,"Order Pending"
10.42.0152,1,0,1,"Order Pending"
10.42.0156,1,1,0,"Order Pending"
10.42.0157,1,1,0,"Order Pending"
10.42.0165A,1,4,-3,"Order Closed"
10.42.0198,1,1,0,"Order Pending"
10.42.0231,1,2,-1,"Order Closed"
10.42.0232,1,2,-1,"Order Closed"
10.42.0246,1,8,-7,"Order Closed"
10.44.0001A,1,1,0,"Order Pending"
1000MAX-C9.3-FC-SMK,1,4,-3,"Order Closed"
1000MAX-C9.3-FC-SMK-OS,1,4,-3,"Order Closed"
1000MAX-C9.3-MA-SMK,1,4,-3,"Order Closed"
1000MAX-C9.3-PC-SMK-OS,1,4,-3,"Order Closed"
1000MAX-C9.3-PU-SMK,1,4,-3,"Order Closed"
1000MAX-FC-RBK,1,4,-3,"Order Closed"
1000MAX-MA-RBK,1,4,-3,"Order Closed"
1000MAX-PC-RBK,1,4,-3,"Order Closed"
1000MAX-PC-SMK,1,4,-3,"Order Closed"
1000MAX-WK-C9.3,1,4,-3,"Order Closed"
1000SR-C9.3-FC-SMK,1,2,-1,"Order Closed"
1000SR-C9.3-FC-SMK-OS,1,2,-1,"Order Closed"
"1000SR-C9.3-FEED CONV-SMK",1,2,-1,"Order Closed"
"1000SR-C9.3-FEED CONV-SMK-OS",1,2,-1,"Order Closed"
1000SR-C9.3-LCC-SMK,1,2,-1,"Order Closed"
1000SR-C9.3-LCC-SMK-OS,1,2,-1,"Order Closed"
1000SR-C9.3-MA-SMK,1,2,-1,"Order Closed"
1000SR-C9.3-PC-SMK,1,2,-1,"Order Closed"
1000SR-C9.3-PC-SMK-OS,1,2,-1,"Order Closed"
1000SR-C9.3-PU-SMK,1,2,-1,"Order Closed"
1000SR-C9.3-RCC-SMK,1,2,-1,"Order Closed"
1000SR-C9.3-RCC-SMK-OS,1,2,-1,"Order Closed"
1000SR-C9.3-SB-SMK,1,2,-1,"Order Closed"
1000SR-C9.3-UCC-SMK,1,2,-1,"Order Closed"
1000SR-C9.3-UCC-SMK-OS,1,2,-1,"Order Closed"
1000SR-C9.3-WK,1,2,-1,"Order Closed"
1000SR-FC-RBK,1,2,-1,"Order Closed"
1000SR-FINESC-RBK,1,2,-1,"Order Closed"
1000SR-LC-RBK,1,2,-1,"Order Closed"
1000SR-MA-RBK,1,2,-1,"Order Closed"
1000SR-PC-RBK,1,2,-1,"Order Closed"
1000SR-RC-RBK,1,2,-1,"Order Closed"
1000SR-SBox-HK,1,2,-1,"Order Closed"
1000SR-SB-RBK,1,2,-1,"Order Closed"
1000SR-SC-RBK,1,2,-1,"Order Closed"
1000SR-UC-RBK,1,2,-1,"Order Closed"
10120035,1,2,-1,"Order Closed"
10160120,1,18,-17,"Order Closed"
1020200_STRUCTURE_KIT,1,6,-5,"Order Closed"
1020200-031-IN,1,6,-5,"Order Closed"
1020210,1,0,1,"Order Pending"
1020211,1,0,1,"Order Pending"
1020214,1,0,1,"Order Pending"
1020214_IN,1,2,-1,"Order Closed"
1020215_IN,1,2,-1,"Order Closed"
1020217_001,1,4,-3,"Order Closed"
1020219,1,0,1,"Order Pending"
1020220_IN,1,0,1,"Order Pending"
1020237-IN,1,0,1,"Order Pending"
1020256,1,0,1,"Order Pending"
1020256_IN,1,4,-3,"Order Closed"
1020258_IN,1,2,-1,"Order Closed"
1020266_IN,1,0,1,"Order Pending"
1020299_IN,1,6,-5,"Order Closed"
10306920163,1,38,-37,"Order Closed"
10312450378,1,10,-9,"Order Closed"
10312550440,1,6,-5,"Order Closed"
10312950175R002,1,9,-8,"Order Closed"
10313290301,1,18,-17,"Order Closed"
10317060137R000,1,10,-9,"Order Closed"
10-32-0164,1,0,1,"Order Pending"
10-32-0165,1,0,1,"Order Pending"
10412420230,1,5,-4,"Order Closed"
10412430310,1,10,-9,"Order Closed"
1050151,1,6,-5,"Order Closed"
10M2400101,1,2,-1,"Order Closed"
11.00.1110,1,11,-10,"Order Closed"
11.00.4550,1,0,1,"Order Pending"
11.01.1110,1,11,-10,"Order Closed"
11.02.0210,1,20,-19,"Order Closed"
11.02.0250,1,27,-26,"Order Closed"
